<?xml version="1.0" encoding="UTF-8"?>
<metadata xml:lang="en"><Esri><CreaDate>20240221</CreaDate><CreaTime>17102100</CreaTime><ArcGISFormat>1.0</ArcGISFormat><SyncOnce>FALSE</SyncOnce><DataProperties><itemProps><itemName Sync="TRUE">output_table</itemName><imsContentType Sync="TRUE">002</imsContentType><itemSize Sync="TRUE">0.000</itemSize><itemLocation><linkage Sync="TRUE">file://\\DESKTOP-D9I3QVU\C$\GitHub\NRS_528\Code Challenge 04\Final\output_table.dbf</linkage><protocol Sync="TRUE">Local Area Network</protocol></itemLocation></itemProps><lineage><Process ToolSource="c:\users\student\appdata\local\programs\arcgis\pro\Resources\ArcToolbox\toolboxes\Conversion Tools.tbx\TableToTable" Date="20240221" Time="171021">TableToTable "C:\GitHub\NRS_528\Code Challenge 04\Meshanticut Precipitation Data.csv" "C:\GitHub\NRS_528\Code Challenge 04\Final" output_table # "Latitude "Latitude" true true false 8 Double 0 0,First,#,C:\GitHub\NRS_528\Code Challenge 04\Meshanticut Precipitation Data.csv,Latitude,-1,-1;longitude "longitude" true true false 8 Double 0 0,First,#,C:\GitHub\NRS_528\Code Challenge 04\Meshanticut Precipitation Data.csv,longitude,-1,-1;YEAR "YEAR" true true false 4 Long 0 0,First,#,C:\GitHub\NRS_528\Code Challenge 04\Meshanticut Precipitation Data.csv,YEAR,-1,-1;JAN "JAN" true true false 8 Double 0 0,First,#,C:\GitHub\NRS_528\Code Challenge 04\Meshanticut Precipitation Data.csv,JAN,-1,-1;FEB "FEB" true true false 8 Double 0 0,First,#,C:\GitHub\NRS_528\Code Challenge 04\Meshanticut Precipitation Data.csv,FEB,-1,-1;MAR "MAR" true true false 8 Double 0 0,First,#,C:\GitHub\NRS_528\Code Challenge 04\Meshanticut Precipitation Data.csv,MAR,-1,-1;APR "APR" true true false 8 Double 0 0,First,#,C:\GitHub\NRS_528\Code Challenge 04\Meshanticut Precipitation Data.csv,APR,-1,-1;MAY "MAY" true true false 8 Double 0 0,First,#,C:\GitHub\NRS_528\Code Challenge 04\Meshanticut Precipitation Data.csv,MAY,-1,-1;JUN "JUN" true true false 8 Double 0 0,First,#,C:\GitHub\NRS_528\Code Challenge 04\Meshanticut Precipitation Data.csv,JUN,-1,-1;JUL "JUL" true true false 8 Double 0 0,First,#,C:\GitHub\NRS_528\Code Challenge 04\Meshanticut Precipitation Data.csv,JUL,-1,-1;AUG "AUG" true true false 8 Double 0 0,First,#,C:\GitHub\NRS_528\Code Challenge 04\Meshanticut Precipitation Data.csv,AUG,-1,-1;SEP "SEP" true true false 8 Double 0 0,First,#,C:\GitHub\NRS_528\Code Challenge 04\Meshanticut Precipitation Data.csv,SEP,-1,-1;OCT "OCT" true true false 8 Double 0 0,First,#,C:\GitHub\NRS_528\Code Challenge 04\Meshanticut Precipitation Data.csv,OCT,-1,-1;NOV "NOV" true true false 8 Double 0 0,First,#,C:\GitHub\NRS_528\Code Challenge 04\Meshanticut Precipitation Data.csv,NOV,-1,-1;DEC "DEC" true true false 8 Double 0 0,First,#,C:\GitHub\NRS_528\Code Challenge 04\Meshanticut Precipitation Data.csv,DEC,-1,-1" #</Process></lineage></DataProperties><SyncDate>20240221</SyncDate><SyncTime>17102100</SyncTime><ModDate>20240221</ModDate><ModTime>17102100</ModTime></Esri><dataIdInfo><envirDesc Sync="TRUE">Microsoft Windows 10 Version 10.0 (Build 19045) ; Esri ArcGIS 13.1.0.41833</envirDesc><dataLang><languageCode value="eng" Sync="TRUE"></languageCode><countryCode value="USA" Sync="TRUE"></countryCode></dataLang><idCitation><resTitle Sync="TRUE">output_table</resTitle><presForm><PresFormCd value="011" Sync="TRUE"></PresFormCd></presForm></idCitation><spatRpType><SpatRepTypCd value="003" Sync="TRUE"></SpatRepTypCd></spatRpType></dataIdInfo><mdLang><languageCode value="eng" Sync="TRUE"></languageCode><countryCode value="USA" Sync="TRUE"></countryCode></mdLang><mdChar><CharSetCd value="004" Sync="TRUE"></CharSetCd></mdChar><distInfo><distFormat><formatName Sync="TRUE">dBASE Table</formatName></distFormat><distTranOps><transSize Sync="TRUE">0.000</transSize></distTranOps></distInfo><mdHrLv><ScopeCd value="007" Sync="TRUE"></ScopeCd></mdHrLv><mdHrLvName Sync="TRUE">dataset</mdHrLvName><eainfo><detailed Name="output_table"><enttyp><enttypl Sync="TRUE">output_table</enttypl><enttypt Sync="TRUE">Table</enttypt><enttypc Sync="TRUE">0</enttypc></enttyp><attr><attrlabl Sync="TRUE">OID</attrlabl><attalias Sync="TRUE">OID</attalias><attrtype Sync="TRUE">OID</attrtype><attwidth Sync="TRUE">4</attwidth><atprecis Sync="TRUE">0</atprecis><attscale Sync="TRUE">0</attscale><attrdef Sync="TRUE">Internal feature number.</attrdef><attrdefs Sync="TRUE">Esri</attrdefs><attrdomv><udom Sync="TRUE">Sequential unique whole numbers that are automatically generated.</udom></attrdomv></attr><attr><attrlabl Sync="TRUE">Latitude</attrlabl><attalias Sync="TRUE">Latitude</attalias><attrtype Sync="TRUE">Double</attrtype><attwidth Sync="TRUE">19</attwidth><atprecis Sync="TRUE">0</atprecis><attscale Sync="TRUE">0</attscale></attr><attr><attrlabl Sync="TRUE">longitude</attrlabl><attalias Sync="TRUE">longitude</attalias><attrtype Sync="TRUE">Double</attrtype><attwidth Sync="TRUE">19</attwidth><atprecis Sync="TRUE">0</atprecis><attscale Sync="TRUE">0</attscale></attr><attr><attrlabl Sync="TRUE">YEAR</attrlabl><attalias Sync="TRUE">YEAR</attalias><attrtype Sync="TRUE">Integer</attrtype><attwidth Sync="TRUE">10</attwidth><atprecis Sync="TRUE">10</atprecis><attscale Sync="TRUE">0</attscale></attr><attr><attrlabl Sync="TRUE">JAN</attrlabl><attalias Sync="TRUE">JAN</attalias><attrtype Sync="TRUE">Double</attrtype><attwidth Sync="TRUE">19</attwidth><atprecis Sync="TRUE">0</atprecis><attscale Sync="TRUE">0</attscale></attr><attr><attrlabl Sync="TRUE">FEB</attrlabl><attalias Sync="TRUE">FEB</attalias><attrtype Sync="TRUE">Double</attrtype><attwidth Sync="TRUE">19</attwidth><atprecis Sync="TRUE">0</atprecis><attscale Sync="TRUE">0</attscale></attr><attr><attrlabl Sync="TRUE">MAR</attrlabl><attalias Sync="TRUE">MAR</attalias><attrtype Sync="TRUE">Double</attrtype><attwidth Sync="TRUE">19</attwidth><atprecis Sync="TRUE">0</atprecis><attscale Sync="TRUE">0</attscale></attr><attr><attrlabl Sync="TRUE">APR</attrlabl><attalias Sync="TRUE">APR</attalias><attrtype Sync="TRUE">Double</attrtype><attwidth Sync="TRUE">19</attwidth><atprecis Sync="TRUE">0</atprecis><attscale Sync="TRUE">0</attscale></attr><attr><attrlabl Sync="TRUE">MAY</attrlabl><attalias Sync="TRUE">MAY</attalias><attrtype Sync="TRUE">Double</attrtype><attwidth Sync="TRUE">19</attwidth><atprecis Sync="TRUE">0</atprecis><attscale Sync="TRUE">0</attscale></attr><attr><attrlabl Sync="TRUE">JUN</attrlabl><attalias Sync="TRUE">JUN</attalias><attrtype Sync="TRUE">Double</attrtype><attwidth Sync="TRUE">19</attwidth><atprecis Sync="TRUE">0</atprecis><attscale Sync="TRUE">0</attscale></attr><attr><attrlabl Sync="TRUE">JUL</attrlabl><attalias Sync="TRUE">JUL</attalias><attrtype Sync="TRUE">Double</attrtype><attwidth Sync="TRUE">19</attwidth><atprecis Sync="TRUE">0</atprecis><attscale Sync="TRUE">0</attscale></attr><attr><attrlabl Sync="TRUE">AUG</attrlabl><attalias Sync="TRUE">AUG</attalias><attrtype Sync="TRUE">Double</attrtype><attwidth Sync="TRUE">19</attwidth><atprecis Sync="TRUE">0</atprecis><attscale Sync="TRUE">0</attscale></attr><attr><attrlabl Sync="TRUE">SEP</attrlabl><attalias Sync="TRUE">SEP</attalias><attrtype Sync="TRUE">Double</attrtype><attwidth Sync="TRUE">19</attwidth><atprecis Sync="TRUE">0</atprecis><attscale Sync="TRUE">0</attscale></attr><attr><attrlabl Sync="TRUE">OCT</attrlabl><attalias Sync="TRUE">OCT</attalias><attrtype Sync="TRUE">Double</attrtype><attwidth Sync="TRUE">19</attwidth><atprecis Sync="TRUE">0</atprecis><attscale Sync="TRUE">0</attscale></attr><attr><attrlabl Sync="TRUE">NOV</attrlabl><attalias Sync="TRUE">NOV</attalias><attrtype Sync="TRUE">Double</attrtype><attwidth Sync="TRUE">19</attwidth><atprecis Sync="TRUE">0</atprecis><attscale Sync="TRUE">0</attscale></attr><attr><attrlabl Sync="TRUE">DEC</attrlabl><attalias Sync="TRUE">DEC</attalias><attrtype Sync="TRUE">Double</attrtype><attwidth Sync="TRUE">19</attwidth><atprecis Sync="TRUE">0</atprecis><attscale Sync="TRUE">0</attscale></attr></detailed></eainfo><mdDateSt Sync="TRUE">20240221</mdDateSt></metadata>
