<?xml version="1.0" encoding="UTF-8"?>
<metadata xml:lang="en"><Esri><CreaDate>20240226</CreaDate><CreaTime>11524800</CreaTime><ArcGISFormat>1.0</ArcGISFormat><SyncOnce>TRUE</SyncOnce><DataProperties><lineage><Process Name="Copy Features" ToolSource="c:\program files\arcgis\pro\Resources\ArcToolbox\toolboxes\Data Management Tools.tbx\CopyFeatures" Date="20240226" Time="115248">CopyFeatures ken_admbnda_adm2_iebc_20191031 S:\Cholera_Bailey\Kenya_Model\Prediction_Maps\Risk_022624_Kenya.shp # 0 0 0</Process><Process Name="Add Field" ToolSource="c:\program files\arcgis\pro\Resources\ArcToolbox\toolboxes\Data Management Tools.tbx\AddField" Date="20240226" Time="115248">AddField S:\Cholera_Bailey\Kenya_Model\Prediction_Maps\Risk_022624_Kenya.shp Risk DOUBLE # # # # NULLABLE NON_REQUIRED #</Process><Process Name="Calculate Field" ToolSource="c:\program files\arcgis\pro\Resources\ArcToolbox\toolboxes\Data Management Tools.tbx\CalculateField" Date="20240226" Time="115249">CalculateField S:\Cholera_Bailey\Kenya_Model\Prediction_Maps\Risk_022624_Kenya.shp RISK [table2_MEA] VBScript # Text NO_ENFORCE_DOMAINS</Process><Process Name="Add Field (2)" ToolSource="c:\program files\arcgis\pro\Resources\ArcToolbox\toolboxes\Data Management Tools.tbx\AddField" Date="20240226" Time="115249">AddField S:\Cholera_Bailey\Kenya_Model\Prediction_Maps\Risk_022624_Kenya.shp Level TEXT # # # # NULLABLE NON_REQUIRED #</Process><Process Name="Calculate Field (2)" ToolSource="c:\program files\arcgis\pro\Resources\ArcToolbox\toolboxes\Data Management Tools.tbx\CalculateField" Date="20240226" Time="115249">CalculateField S:\Cholera_Bailey\Kenya_Model\Prediction_Maps\Risk_022624_Kenya.shp Level risk VBScript "Dim risk
If [RISK] &lt; 0.35 Then
risk = "Low"

elseif [RISK] &gt; 0.55 Then
risk = "High"

else
risk = "Medium"
end if" Text NO_ENFORCE_DOMAINS</Process><Process Name="Delete Field" ToolSource="c:\program files\arcgis\pro\Resources\ArcToolbox\toolboxes\Data Management Tools.tbx\DeleteField" Date="20240226" Time="115250">DeleteField S:\Cholera_Bailey\Kenya_Model\Prediction_Maps\Risk_022624_Kenya.shp table2_Row;table2_ADM;table2_ZON;table2_COU;table2_ARE;table2_MEA "Delete Fields"</Process><Process Name="Join Field" ToolSource="c:\program files\arcgis\pro\Resources\ArcToolbox\toolboxes\Data Management Tools.tbx\JoinField" Date="20240226" Time="115250">JoinField S:\Cholera_Bailey\Kenya_Model\Prediction_Maps\Risk_022624_Kenya.shp FID S:\Cholera_Bailey\Kenya_Model\2024Maps\021924\Risk_021924_Kenya FID RISK "Select transfer fields" # "Do not add indexes"</Process><Process Name="Add Field (3)" ToolSource="c:\program files\arcgis\pro\Resources\ArcToolbox\toolboxes\Data Management Tools.tbx\AddField" Date="20240226" Time="115251">AddField S:\Cholera_Bailey\Kenya_Model\Prediction_Maps\Risk_022624_Kenya.shp RiskChange DOUBLE # # # # NULLABLE NON_REQUIRED #</Process><Process Name="Calculate Field (3)" ToolSource="c:\program files\arcgis\pro\Resources\ArcToolbox\toolboxes\Data Management Tools.tbx\CalculateField" Date="20240226" Time="115251">CalculateField S:\Cholera_Bailey\Kenya_Model\Prediction_Maps\Risk_022624_Kenya.shp RISKCHANGE "100 * ( [Risk] - [RISK_1] ) / [RISK_1]" VBScript # Text NO_ENFORCE_DOMAINS</Process><Process Name="Delete Field (2)" ToolSource="c:\program files\arcgis\pro\Resources\ArcToolbox\toolboxes\Data Management Tools.tbx\DeleteField" Date="20240226" Time="115251">DeleteField S:\Cholera_Bailey\Kenya_Model\Prediction_Maps\Risk_022624_Kenya.shp RISK_1 "Delete Fields"</Process></lineage></DataProperties></Esri></metadata>
