<PAMDataset>
  <PAMRasterBand band="1">
    <Description>precip_avg</Description>
    <Histograms>
      <HistItem>
        <HistMin>-0.5</HistMin>
        <HistMax>10.5</HistMax>
        <BucketCount>11</BucketCount>
        <IncludeOutOfRange>1</IncludeOutOfRange>
        <Approximate>0</Approximate>
        <HistCounts>20250|143665|196280|156419|101196|41877|14918|10039|3009|178|9</HistCounts>
      </HistItem>
    </Histograms>
    <Metadata>
      <MDI key="STATISTICS_COUNT">687840.000000</MDI>
      <MDI key="STATISTICS_COVARIANCES">2.183415429518524</MDI>
      <MDI key="STATISTICS_EXCLUDEDVALUES"></MDI>
      <MDI key="STATISTICS_MAXIMUM">10</MDI>
      <MDI key="STATISTICS_MEAN">2.624441730635</MDI>
      <MDI key="STATISTICS_MEDIAN">2.000000</MDI>
      <MDI key="STATISTICS_MINIMUM">0</MDI>
      <MDI key="STATISTICS_SKIPFACTORX">1</MDI>
      <MDI key="STATISTICS_SKIPFACTORY">1</MDI>
      <MDI key="STATISTICS_STDDEV">1.4776384637382</MDI>
    </Metadata>
  </PAMRasterBand>
</PAMDataset>
