<?xml version="1.0" encoding="UTF-8"?>
<metadata xml:lang="en"><Esri><CreaDate>20240307</CreaDate><CreaTime>10155800</CreaTime><ArcGISFormat>1.0</ArcGISFormat><SyncOnce>TRUE</SyncOnce><DataProperties><lineage><Process ToolSource="c:\users\student\appdata\local\programs\arcgis\pro\Resources\ArcToolbox\toolboxes\Data Management Tools.tbx\CopyFeatures" Date="20240307" Time="101558">CopyFeatures cepphus "C:\GitHub\NRS_528\Code Challenge 05\Final_05\Step_3_Cepphus_Output.shp" # # # #</Process></lineage></DataProperties></Esri></metadata>
