<?xml version="1.0" encoding="UTF-8"?>
<metadata xml:lang="en"><Esri><CreaDate>20240307</CreaDate><CreaTime>10160000</CreaTime><ArcGISFormat>1.0</ArcGISFormat><SyncOnce>TRUE</SyncOnce><DataProperties><lineage><Process ToolSource="c:\users\student\appdata\local\programs\arcgis\pro\Resources\ArcToolbox\toolboxes\Data Management Tools.tbx\CreateFishnet" Date="20240307" Time="101600">CreateFishnet "C:\GitHub\NRS_528\Code Challenge 05\Final_05\Step_3_Fishnet.shp" "-83.5869 35.9181" "-83.5869 61.3661" 0.25 0.25 # # "-48.371 61.231" NO_LABELS # Polygon</Process></lineage></DataProperties></Esri></metadata>
