<?xml version="1.0" encoding="UTF-8"?>
<metadata xml:lang="en"><Esri><CreaDate>20240318</CreaDate><CreaTime>15011300</CreaTime><ArcGISFormat>1.0</ArcGISFormat><SyncOnce>FALSE</SyncOnce><DataProperties><lineage><Process ToolSource="c:\users\student\appdata\local\programs\arcgis\pro\Resources\ArcToolbox\toolboxes\Data Management Tools.tbx\CreateFishnet" Date="20240318" Time="150113">CreateFishnet "C:\GitHub\NRS_528\Code Challenge 05\Final_05\Step_3_Fishnet.shp" "-83.5869 35.9181" "-83.5869 61.3661" 0.25 0.25 # # "-48.371 61.231" NO_LABELS # Polygon</Process><Process ToolSource="c:\users\student\appdata\local\programs\arcgis\pro\Resources\ArcToolbox\toolboxes\Analysis Tools.tbx\SpatialJoin" Date="20240318" Time="150232">SpatialJoin "C:\GitHub\NRS_528\Code Challenge 05\Final_05\Step_3_Fishnet.shp" "C:\GitHub\NRS_528\Code Challenge 05\Final_05\Step_3_Cepphus_Output.shp" "C:\GitHub\NRS_528\Code Challenge 05\Final_05\Step_3_HeatMap.shp" "Join one to one" KEEP_ALL "Id "Id" true true false 6 Long 0 6,First,#,C:\GitHub\NRS_528\Code Challenge 05\Final_05\Step_3_Fishnet.shp,Id,-1,-1;id_1 "id" true true false 254 Text 0 0,First,#,C:\GitHub\NRS_528\Code Challenge 05\Final_05\Step_3_Cepphus_Output.shp,id,0,254;scientific "scientific" true true false 254 Text 0 0,First,#,C:\GitHub\NRS_528\Code Challenge 05\Final_05\Step_3_Cepphus_Output.shp,scientific,0,254;scientif_1 "scientif_1" true true false 254 Text 0 0,First,#,C:\GitHub\NRS_528\Code Challenge 05\Final_05\Step_3_Cepphus_Output.shp,scientif_1,0,254;eventDate "eventDate" true true false 254 Text 0 0,First,#,C:\GitHub\NRS_528\Code Challenge 05\Final_05\Step_3_Cepphus_Output.shp,eventDate,0,254;lon "lon" true true false 19 Double 0 0,First,#,C:\GitHub\NRS_528\Code Challenge 05\Final_05\Step_3_Cepphus_Output.shp,lon,-1,-1;lat "lat" true true false 19 Double 0 0,First,#,C:\GitHub\NRS_528\Code Challenge 05\Final_05\Step_3_Cepphus_Output.shp,lat,-1,-1;institutio "institutio" true true false 254 Text 0 0,First,#,C:\GitHub\NRS_528\Code Challenge 05\Final_05\Step_3_Cepphus_Output.shp,institutio,0,254;collection "collection" true true false 254 Text 0 0,First,#,C:\GitHub\NRS_528\Code Challenge 05\Final_05\Step_3_Cepphus_Output.shp,collection,0,254;catalogNum "catalogNum" true true false 254 Text 0 0,First,#,C:\GitHub\NRS_528\Code Challenge 05\Final_05\Step_3_Cepphus_Output.shp,catalogNum,0,254;scientif_2 "scientif_2" true true false 254 Text 0 0,First,#,C:\GitHub\NRS_528\Code Challenge 05\Final_05\Step_3_Cepphus_Output.shp,scientif_2,0,254;originalsc "originalsc" true true false 254 Text 0 0,First,#,C:\GitHub\NRS_528\Code Challenge 05\Final_05\Step_3_Cepphus_Output.shp,originalsc,0,254;absence "absence" true true false 254 Text 0 0,First,#,C:\GitHub\NRS_528\Code Challenge 05\Final_05\Step_3_Cepphus_Output.shp,absence,0,254;acceptedNa "acceptedNa" true true false 254 Text 0 0,First,#,C:\GitHub\NRS_528\Code Challenge 05\Final_05\Step_3_Cepphus_Output.shp,acceptedNa,0,254;accepted_1 "accepted_1" true true false 254 Text 0 0,First,#,C:\GitHub\NRS_528\Code Challenge 05\Final_05\Step_3_Cepphus_Output.shp,accepted_1,0,254;accessRigh "accessRigh" true true false 254 Text 0 0,First,#,C:\GitHub\NRS_528\Code Challenge 05\Final_05\Step_3_Cepphus_Output.shp,accessRigh,0,254;aphiaID "aphiaID" true true false 10 Long 0 10,First,#,C:\GitHub\NRS_528\Code Challenge 05\Final_05\Step_3_Cepphus_Output.shp,aphiaID,-1,-1" Intersect # #</Process></lineage><itemProps><itemName Sync="TRUE">Step_3_HeatMap</itemName><imsContentType Sync="TRUE">002</imsContentType><itemSize Sync="TRUE">0.000</itemSize><itemLocation><linkage Sync="TRUE">file://\\DESKTOP-D9I3QVU\C$\GitHub\NRS_528\Code Challenge 05\Final_05\Step_3_HeatMap.shp</linkage><protocol Sync="TRUE">Local Area Network</protocol></itemLocation></itemProps><coordRef><type Sync="TRUE">Geographic</type><geogcsn Sync="TRUE">GCS_WGS_1984</geogcsn><csUnits Sync="TRUE">Angular Unit: Degree (0.017453)</csUnits><peXml Sync="TRUE">&lt;GeographicCoordinateSystem xsi:type='typens:GeographicCoordinateSystem' xmlns:xsi='http://www.w3.org/2001/XMLSchema-instance' xmlns:xs='http://www.w3.org/2001/XMLSchema' xmlns:typens='http://www.esri.com/schemas/ArcGIS/3.1.0'&gt;&lt;WKT&gt;GEOGCS[&amp;quot;GCS_WGS_1984&amp;quot;,DATUM[&amp;quot;D_WGS_1984&amp;quot;,SPHEROID[&amp;quot;WGS_1984&amp;quot;,6378137.0,298.257223563]],PRIMEM[&amp;quot;Greenwich&amp;quot;,0.0],UNIT[&amp;quot;Degree&amp;quot;,0.0174532925199433],AUTHORITY[&amp;quot;EPSG&amp;quot;,4326]]&lt;/WKT&gt;&lt;XOrigin&gt;-400&lt;/XOrigin&gt;&lt;YOrigin&gt;-400&lt;/YOrigin&gt;&lt;XYScale&gt;11258999068426.238&lt;/XYScale&gt;&lt;ZOrigin&gt;-100000&lt;/ZOrigin&gt;&lt;ZScale&gt;10000&lt;/ZScale&gt;&lt;MOrigin&gt;-100000&lt;/MOrigin&gt;&lt;MScale&gt;10000&lt;/MScale&gt;&lt;XYTolerance&gt;8.983152841195215e-09&lt;/XYTolerance&gt;&lt;ZTolerance&gt;0.001&lt;/ZTolerance&gt;&lt;MTolerance&gt;0.001&lt;/MTolerance&gt;&lt;HighPrecision&gt;true&lt;/HighPrecision&gt;&lt;LeftLongitude&gt;-180&lt;/LeftLongitude&gt;&lt;WKID&gt;4326&lt;/WKID&gt;&lt;LatestWKID&gt;4326&lt;/LatestWKID&gt;&lt;/GeographicCoordinateSystem&gt;</peXml></coordRef></DataProperties><SyncDate>20240318</SyncDate><SyncTime>15011300</SyncTime><ModDate>20240318</ModDate><ModTime>15011300</ModTime></Esri><dataIdInfo><envirDesc Sync="TRUE">Microsoft Windows 10 Version 10.0 (Build 19045) ; Esri ArcGIS 13.1.0.41833</envirDesc><dataLang><languageCode value="eng" Sync="TRUE"></languageCode><countryCode value="USA" Sync="TRUE"></countryCode></dataLang><idCitation><resTitle Sync="TRUE">Step_3_HeatMap</resTitle><presForm><PresFormCd value="005" Sync="TRUE"></PresFormCd></presForm></idCitation><spatRpType><SpatRepTypCd value="001" Sync="TRUE"></SpatRepTypCd></spatRpType></dataIdInfo><mdLang><languageCode value="eng" Sync="TRUE"></languageCode><countryCode value="USA" Sync="TRUE"></countryCode></mdLang><mdChar><CharSetCd value="004" Sync="TRUE"></CharSetCd></mdChar><distInfo><distFormat><formatName Sync="TRUE">Shapefile</formatName></distFormat><distTranOps><transSize Sync="TRUE">0.000</transSize></distTranOps></distInfo><mdHrLv><ScopeCd value="005" Sync="TRUE"></ScopeCd></mdHrLv><mdHrLvName Sync="TRUE">dataset</mdHrLvName><refSysInfo><RefSystem><refSysID><identCode code="4326" Sync="TRUE"></identCode><idCodeSpace Sync="TRUE">EPSG</idCodeSpace><idVersion Sync="TRUE">6.2(3.0.1)</idVersion></refSysID></RefSystem></refSysInfo><spatRepInfo><VectSpatRep><geometObjs Name="Step_3_HeatMap"><geoObjTyp><GeoObjTypCd value="002" Sync="TRUE"></GeoObjTypCd></geoObjTyp><geoObjCnt Sync="TRUE">0</geoObjCnt></geometObjs><topLvl><TopoLevCd value="001" Sync="TRUE"></TopoLevCd></topLvl></VectSpatRep></spatRepInfo><spdoinfo><ptvctinf><esriterm Name="Step_3_HeatMap"><efeatyp Sync="TRUE">Simple</efeatyp><efeageom code="4" Sync="TRUE"></efeageom><esritopo Sync="TRUE">FALSE</esritopo><efeacnt Sync="TRUE">0</efeacnt><spindex Sync="TRUE">FALSE</spindex><linrefer Sync="TRUE">FALSE</linrefer></esriterm></ptvctinf></spdoinfo><eainfo><detailed Name="Step_3_HeatMap"><enttyp><enttypl Sync="TRUE">Step_3_HeatMap</enttypl><enttypt Sync="TRUE">Feature Class</enttypt><enttypc Sync="TRUE">0</enttypc></enttyp><attr><attrlabl Sync="TRUE">FID</attrlabl><attalias Sync="TRUE">FID</attalias><attrtype Sync="TRUE">OID</attrtype><attwidth Sync="TRUE">4</attwidth><atprecis Sync="TRUE">0</atprecis><attscale Sync="TRUE">0</attscale><attrdef Sync="TRUE">Internal feature number.</attrdef><attrdefs Sync="TRUE">Esri</attrdefs><attrdomv><udom Sync="TRUE">Sequential unique whole numbers that are automatically generated.</udom></attrdomv></attr><attr><attrlabl Sync="TRUE">Shape</attrlabl><attalias Sync="TRUE">Shape</attalias><attrtype Sync="TRUE">Geometry</attrtype><attwidth Sync="TRUE">0</attwidth><atprecis Sync="TRUE">0</atprecis><attscale Sync="TRUE">0</attscale><attrdef Sync="TRUE">Feature geometry.</attrdef><attrdefs Sync="TRUE">Esri</attrdefs><attrdomv><udom Sync="TRUE">Coordinates defining the features.</udom></attrdomv></attr><attr><attrlabl Sync="TRUE">Join_Count</attrlabl><attalias Sync="TRUE">Join_Count</attalias><attrtype Sync="TRUE">Integer</attrtype><attwidth Sync="TRUE">10</attwidth><atprecis Sync="TRUE">10</atprecis><attscale Sync="TRUE">0</attscale></attr><attr><attrlabl Sync="TRUE">TARGET_FID</attrlabl><attalias Sync="TRUE">TARGET_FID</attalias><attrtype Sync="TRUE">Integer</attrtype><attwidth Sync="TRUE">10</attwidth><atprecis Sync="TRUE">10</atprecis><attscale Sync="TRUE">0</attscale></attr><attr><attrlabl Sync="TRUE">Id</attrlabl><attalias Sync="TRUE">Id</attalias><attrtype Sync="TRUE">Integer</attrtype><attwidth Sync="TRUE">6</attwidth><atprecis Sync="TRUE">6</atprecis><attscale Sync="TRUE">0</attscale></attr><attr><attrlabl Sync="TRUE">id_1</attrlabl><attalias Sync="TRUE">id_1</attalias><attrtype Sync="TRUE">String</attrtype><attwidth Sync="TRUE">254</attwidth><atprecis Sync="TRUE">0</atprecis><attscale Sync="TRUE">0</attscale></attr><attr><attrlabl Sync="TRUE">scientific</attrlabl><attalias Sync="TRUE">scientific</attalias><attrtype Sync="TRUE">String</attrtype><attwidth Sync="TRUE">254</attwidth><atprecis Sync="TRUE">0</atprecis><attscale Sync="TRUE">0</attscale></attr><attr><attrlabl Sync="TRUE">scientif_1</attrlabl><attalias Sync="TRUE">scientif_1</attalias><attrtype Sync="TRUE">String</attrtype><attwidth Sync="TRUE">254</attwidth><atprecis Sync="TRUE">0</atprecis><attscale Sync="TRUE">0</attscale></attr><attr><attrlabl Sync="TRUE">eventDate</attrlabl><attalias Sync="TRUE">eventDate</attalias><attrtype Sync="TRUE">String</attrtype><attwidth Sync="TRUE">254</attwidth><atprecis Sync="TRUE">0</atprecis><attscale Sync="TRUE">0</attscale></attr><attr><attrlabl Sync="TRUE">lon</attrlabl><attalias Sync="TRUE">lon</attalias><attrtype Sync="TRUE">Double</attrtype><attwidth Sync="TRUE">19</attwidth><atprecis Sync="TRUE">0</atprecis><attscale Sync="TRUE">0</attscale></attr><attr><attrlabl Sync="TRUE">lat</attrlabl><attalias Sync="TRUE">lat</attalias><attrtype Sync="TRUE">Double</attrtype><attwidth Sync="TRUE">19</attwidth><atprecis Sync="TRUE">0</atprecis><attscale Sync="TRUE">0</attscale></attr><attr><attrlabl Sync="TRUE">institutio</attrlabl><attalias Sync="TRUE">institutio</attalias><attrtype Sync="TRUE">String</attrtype><attwidth Sync="TRUE">254</attwidth><atprecis Sync="TRUE">0</atprecis><attscale Sync="TRUE">0</attscale></attr><attr><attrlabl Sync="TRUE">collection</attrlabl><attalias Sync="TRUE">collection</attalias><attrtype Sync="TRUE">String</attrtype><attwidth Sync="TRUE">254</attwidth><atprecis Sync="TRUE">0</atprecis><attscale Sync="TRUE">0</attscale></attr><attr><attrlabl Sync="TRUE">catalogNum</attrlabl><attalias Sync="TRUE">catalogNum</attalias><attrtype Sync="TRUE">String</attrtype><attwidth Sync="TRUE">254</attwidth><atprecis Sync="TRUE">0</atprecis><attscale Sync="TRUE">0</attscale></attr><attr><attrlabl Sync="TRUE">scientif_2</attrlabl><attalias Sync="TRUE">scientif_2</attalias><attrtype Sync="TRUE">String</attrtype><attwidth Sync="TRUE">254</attwidth><atprecis Sync="TRUE">0</atprecis><attscale Sync="TRUE">0</attscale></attr><attr><attrlabl Sync="TRUE">originalsc</attrlabl><attalias Sync="TRUE">originalsc</attalias><attrtype Sync="TRUE">String</attrtype><attwidth Sync="TRUE">254</attwidth><atprecis Sync="TRUE">0</atprecis><attscale Sync="TRUE">0</attscale></attr><attr><attrlabl Sync="TRUE">absence</attrlabl><attalias Sync="TRUE">absence</attalias><attrtype Sync="TRUE">String</attrtype><attwidth Sync="TRUE">254</attwidth><atprecis Sync="TRUE">0</atprecis><attscale Sync="TRUE">0</attscale></attr><attr><attrlabl Sync="TRUE">acceptedNa</attrlabl><attalias Sync="TRUE">acceptedNa</attalias><attrtype Sync="TRUE">String</attrtype><attwidth Sync="TRUE">254</attwidth><atprecis Sync="TRUE">0</atprecis><attscale Sync="TRUE">0</attscale></attr><attr><attrlabl Sync="TRUE">accepted_1</attrlabl><attalias Sync="TRUE">accepted_1</attalias><attrtype Sync="TRUE">String</attrtype><attwidth Sync="TRUE">254</attwidth><atprecis Sync="TRUE">0</atprecis><attscale Sync="TRUE">0</attscale></attr><attr><attrlabl Sync="TRUE">accessRigh</attrlabl><attalias Sync="TRUE">accessRigh</attalias><attrtype Sync="TRUE">String</attrtype><attwidth Sync="TRUE">254</attwidth><atprecis Sync="TRUE">0</atprecis><attscale Sync="TRUE">0</attscale></attr><attr><attrlabl Sync="TRUE">aphiaID</attrlabl><attalias Sync="TRUE">aphiaID</attalias><attrtype Sync="TRUE">Integer</attrtype><attwidth Sync="TRUE">10</attwidth><atprecis Sync="TRUE">10</atprecis><attscale Sync="TRUE">0</attscale></attr></detailed></eainfo><mdDateSt Sync="TRUE">20240318</mdDateSt></metadata>
